recoId,eventId,rpId,RPId,direction,a,b
0,2,5,u,-0.000483185,4.91923
0,2,5,v,0.0003668,6.81209
0,2,21,u,-0.000414658,6.01698
0,2,21,v,-0.00135346,6.25026
0,2,25,u,-0.000648115,6.71191
0,2,25,v,-0.000655842,6.85437
0,2,104,u,-0.000471686,7.03884
0,2,104,v,-0.00200251,5.46762
0,2,120,u,-0.000328022,6.57265
0,2,120,v,-0.000192688,6.47599
0,2,124,u,-7.91662e-05,7.13132
0,2,124,v,-0.00125686,7.28953
0,3,4,u,0.000339179,5.37298
0,3,4,v,-0.00137227,7.46167
0,3,5,u,-0.00124707,4.25802
0,3,5,v,0.0003668,6.00799
0,3,20,u,0.000315343,6.58646
0,3,20,v,0.000428885,6.83177
0,3,21,u,0.000400157,5.27269
0,3,21,v,-0.00135346,5.51106
0,3,24,u,-0.000809728,7.33368
0,3,24,v,0.00092701,7.49019
0,3,25,u,-0.000648115,5.86711
0,3,25,v,0.000719158,6.03996
0,3,104,u,0.000139425,6.49074
0,3,104,v,0.000784762,4.99219
0,3,120,u,-0.000786356,6.01491
0,3,120,v,-3.99101e-05,5.9291
0,3,124,u,0.00144861,6.53491
0,3,124,v,-0.00125686,6.68233
0,4,5,u,-0.000941518,4.09538
0,4,5,v,-0.000244311,5.77839
0,4,21,u,-0.000414658,5.02698
0,4,21,v,0.000874382,5.35316
0,4,25,u,-0.000342559,5.56697
0,4,25,v,-4.47307e-05,5.91027
0,4,104,u,0.00105609,5.25443
0,4,104,v,0.000784762,4.39819
0,4,124,u,-0.000384722,5.36047
0,4,124,v,0.000270913,5.69695
0,5,4,u,0.000339179,6.49498
0,5,4,v,-0.00137227,8.84767
0,5,20,u,9.78778e-06,7.925
0,5,20,v,-0.00043879,8.07742
0,5,24,u,-0.000351395,8.84394
0,5,24,v,-0.000600767,8.8676
0,5,105,u,-0.000262426,8.66797
0,5,105,v,-1.04678e-05,6.49016
0,5,121,u,-5.02049e-05,7.94163
0,5,121,v,0.000878203,7.89156
0,5,125,u,-0.00025845,8.74356
0,5,125,v,-0.000460729,8.77103
0,6,4,u,0.000339179,4.25098
0,6,4,v,0.000766614,5.44375
0,6,20,u,-0.000295768,5.1028
0,6,20,v,0.000428885,4.98377
0,6,24,u,-0.000351395,5.54394
0,6,24,v,0.00092701,5.58939
0,6,105,u,0.000501463,5.56586
0,6,105,v,-1.04678e-05,4.44416
0,6,121,u,0.000475462,5.05513
0,6,121,v,0.000310519,5.31791
0,6,125,u,-0.00025845,5.70756
0,6,125,v,-0.000307951,5.75573
0,7,4,u,-0.0011886,5.34416
0,7,4,v,-0.000404682,6.73436
0,7,20,u,-0.000295768,6.4228
0,7,20,v,-0.00109889,6.10818
0,7,24,u,-0.00111528,7.05853
0,7,24,v,0.00092701,6.77739
0,7,105,u,0.000807018,7.37631
0,7,105,v,0.000295088,5.20112
0,7,121,u,-5.02049e-05,6.75363
0,7,121,v,-0.000496797,6.41715
0,7,125,u,-0.00025845,7.42356
0,7,125,v,-0.000307951,7.14173
0,8,5,u,-0.00124707,7.50302
0,8,5,v,6.12443e-05,9.85924
0,8,21,u,0.000763388,9.10486
0,8,21,v,0.000785429,9.05034
0,8,25,u,-0.000648115,10.024
0,8,25,v,-0.000655842,10.0224
0,8,104,u,0.0016672,9.19212
0,8,104,v,-0.000590238,7.05537
0,8,120,u,0.00150531,8.58419
0,8,120,v,-3.99101e-05,8.3711
0,8,124,u,0.00144861,9.37291
0,8,124,v,0.000270913,9.39295
0,9,5,u,-0.00124707,7.20712
0,9,5,v,0.0003668,9.18809
0,9,21,u,0.00121497,8.6864
0,9,21,v,0.000174318,8.41264
0,9,25,u,-0.000648115,9.56311
0,9,25,v,0.00148305,9.33765
0,9,104,u,0.000903314,9.32643
0,9,104,v,0.000479206,6.84993
0,9,120,u,-2.24667e-05,8.7186
0,9,120,v,-3.99101e-05,8.1731
0,9,124,u,-7.91662e-05,9.44132
0,9,124,v,0.000270913,9.21915
0,10,4,u,0.000339179,6.62698
0,10,4,v,0.00056291,8.44539
0,10,20,u,-0.000295768,7.9408
0,10,20,v,0.00073444,7.72372
0,10,24,u,-0.00111528,8.70853
0,10,24,v,-0.000600767,8.6036
0,10,105,u,-0.000262426,8.33797
0,10,105,v,-0.000468801,6.26801
0,10,121,u,0.000204425,7.64496
0,10,121,v,-0.000191241,7.6163
0,10,125,u,0.000505439,8.51905
0,10,125,v,-0.000307951,8.39573
0,11,5,u,0.000280704,4.85444
0,11,5,v,6.12443e-05,6.26334
0,11,21,u,-0.000414658,5.88498
0,11,21,v,-0.00135346,5.70906
0,11,25,u,-0.000648115,6.50071
0,11,25,v,-0.000655842,6.32637
0,11,104,u,0.00136165,5.57327
0,11,104,v,-0.00104857,3.96222
0,11,124,u,-0.000857063,5.62931
0,11,124,v,-0.00125686,5.42833
0,12,4,u,0.000644734,6.85593
0,12,4,v,0.0018979,8.04118
0,12,20,u,0.000315343,8.10721
0,12,20,v,0.000428885,7.29377
0,12,24,u,-0.000351395,8.84394
0,12,24,v,-0.000600767,8.1658
0,12,105,u,0.000501463,8.19266
0,12,105,v,0.000295088,5.53222
0,12,121,u,-5.02049e-05,7.54563
0,12,121,v,0.000114314,6.85965
0,12,125,u,-0.00025845,8.32336
0,12,125,v,0.00030316,7.62383
0,13,5,u,0.000280704,4.72244
0,13,5,v,-0.00329987,6.11322
0,13,21,u,9.46012e-05,5.71749
0,13,21,v,0.000874382,5.61716
0,13,25,u,0.000879663,6.26553
0,13,25,v,0.000719158,6.23796
0,13,104,u,0.000903314,7.34643
0,13,104,v,-0.000743016,5.57057
0,13,120,u,-2.24667e-05,6.8728
0,13,120,v,-0.000498243,6.59684
0,13,124,u,0.000684723,7.46011
0,13,124,v,-0.00125686,7.42153
0,14,5,u,-0.00124707,8.34782
0,14,5,v,0.0003668,11.354
0,14,21,u,-0.00102577,10.2066
0,14,21,v,0.000785429,10.4363
0,14,25,u,-0.000648115,11.2527
0,14,25,v,-0.000655842,11.5404
0,14,104,u,0.000139425,10.5167
0,14,104,v,0.000173651,8.37768
0,14,120,u,-2.24667e-05,9.7746
0,14,120,v,-0.000956577,9.84079
0,14,124,u,-0.000384722,10.7065
0,14,124,v,-0.00160641,11.0117
0,15,4,u,0.000339179,3.92098
0,15,4,v,0.00056291,5.40939
0,15,20,u,0.000315343,4.80721
0,15,20,v,0.00073444,4.95172
0,15,24,u,-4.5839e-05,5.35489
0,15,24,v,-0.000906323,5.42586
0,15,105,u,0.000501463,5.43386
0,15,105,v,-0.00107991,4.0314
0,15,121,u,0.000169907,4.93429
0,15,121,v,0.000310519,4.92191
0,15,125,u,-0.00025845,5.41936
0,15,125,v,-0.000307951,5.49173
0,16,5,u,-0.000483185,4.65523
0,16,5,v,6.12443e-05,6.88924
0,16,21,u,-0.000414658,5.81898
0,16,21,v,-0.0010479,6.4052
0,16,25,u,0.000115774,6.46232
0,16,25,v,-0.000655842,6.98637
0,16,104,u,0.000292203,6.50963
0,16,104,v,0.000479206,5.52993
0,16,120,u,-2.24667e-05,6.0126
0,16,120,v,-0.00212957,6.3701
0,16,124,u,0.00114306,6.61206
0,16,124,v,-0.00125686,7.14433
0,17,5,u,-0.000483185,5.11613
0,17,5,v,6.12443e-05,8.03214
0,17,21,u,0.000400157,6.52669
0,17,21,v,0.000785429,7.40034
0,17,25,u,-0.000342559,7.46007
0,17,25,v,-0.000655842,7.91037
0,17,105,u,-0.000262426,8.53707
0,17,105,v,-1.04678e-05,5.98306
0,17,121,u,0.000408128,7.82782
0,17,121,v,0.000114314,7.36345
0,17,125,u,-0.00199396,8.59501
0,17,125,v,-0.000307951,8.19773
0,18,5,u,-0.00124707,6.89582
0,18,5,v,6.12443e-05,10.1892
0,18,21,u,-0.000414658,8.59098
0,18,21,v,0.000785429,9.44634
0,18,22,u,-0.0255066,1.07659
0,18,22,v,-0.00952712,12.8279
0,18,23,u,-0.00282493,7.11113
0,18,23,v,0.000159678,3.18367
0,18,25,u,-0.00125923,9.40331
0,18,25,v,-0.000350286,10.5073
0,18,104,u,-0.000471686,9.09804
0,18,104,v,2.08729e-05,8.01378
0,18,120,u,-0.000633578,8.41091
0,18,120,v,0.000571201,9.2492
0,18,124,u,-0.000384722,9.33367
0,18,124,v,-3.46422e-05,10.2189
0,19,4,u,-0.0011886,4.22216
0,19,4,v,0.00056291,4.68339
0,19,20,u,0.00143571,4.93537
0,19,20,v,0.000428885,4.25777
0,19,24,u,0.000412494,5.28004
0,19,24,v,0.00092701,4.86339
0,20,5,u,-0.00124707,4.98402
0,20,5,v,0.00194788,6.62207
0,20,21,u,-0.000414658,6.08298
0,20,21,v,0.000785429,6.08034
0,20,25,u,-0.000648115,6.65691
0,20,25,v,-0.000655842,6.72237
0,20,104,u,0.000903314,6.75243
0,20,104,v,0.000173651,5.14368
0,20,120,u,-2.24667e-05,6.2766
0,20,120,v,0.000571201,6.0812
0,20,124,u,0.000990278,6.85606
0,20,124,v,0.000270913,6.84315
0,21,4,u,0.000339179,6.53458
0,21,4,v,0.00056291,8.57739
0,21,20,u,-0.000295768,7.9408
0,21,20,v,0.00104,7.86546
0,21,24,u,-4.5839e-05,8.72089
0,21,24,v,-0.000906323,8.72586
0,21,105,u,-0.000262426,9.32797
0,21,105,v,0.000295088,6.71912
0,21,121,u,0.00208868,8.60221
0,21,121,v,0.000114314,8.24565
0,21,125,u,0.000505439,9.46835
0,21,125,v,-0.000307951,9.12173
0,22,4,u,-0.0011886,12.8022
0,22,4,v,0.0015305,17.6181
0,22,20,u,-0.00026534,15.6502
0,22,20,v,0.000428885,16.1488
0,22,24,u,-0.000809728,17.3657
0,22,24,v,-0.000600767,17.7776
0,22,105,u,0.000501463,17.0499
0,22,105,v,0.00105898,13.2554
0,22,121,u,-0.000135649,15.5164
0,22,121,v,0.00118376,16.0009
0,22,125,u,0.00126933,17.2551
0,22,125,v,-0.00134169,17.6564
0,23,5,u,-0.00124707,3.86202
0,23,5,v,0.000531665,5.39807
0,23,21,u,-0.000414658,4.76298
0,23,21,v,-0.00135346,4.98306
0,23,25,u,-0.000342559,5.34807
0,23,25,v,-0.000655842,5.40237
0,23,104,u,-0.000846163,5.83974
0,23,104,v,-0.00135413,4.21507
0,23,124,u,0.00144861,5.80891
0,23,124,v,-0.00018742,5.83669
0,24,104,u,-0.000471686,6.24684
0,24,104,v,0.000238226,4.1601
0,24,120,u,0.000318497,5.8822
0,24,120,v,0.00261807,5.02797
0,24,124,u,-7.91662e-05,6.27332
0,24,124,v,0.000270913,5.82895
0,25,25,u,-0.000933844,4.9414
0,25,25,v,-0.00147378,4.81089
0,25,124,u,-0.000995833,4.85478
0,25,124,v,-0.00125686,4.70233
0,26,5,u,0.000280704,4.65644
0,26,5,v,-0.000244311,6.17439
0,26,21,u,-0.000414658,5.68698
0,26,21,v,-0.000245989,5.67932
0,26,25,u,-0.00110645,6.30496
0,26,25,v,-0.000350286,6.23052
0,26,104,u,-0.000471686,7.05204
0,26,104,v,-0.00104857,5.15022
0,26,120,u,0.000741422,6.6065
0,26,120,v,-3.99101e-05,6.1931
0,26,124,u,-7.91662e-05,7.13352
0,26,124,v,0.000270913,7.04115
0,27,25,u,-0.00205421,4.73716
0,27,25,v,-0.00147378,5.00889
0,27,104,u,0.000597758,5.22468
0,27,104,v,-0.00135413,4.34707
0,27,124,u,-7.91662e-05,5.41752
0,27,124,v,-0.000492976,5.62864
0,28,104,u,-0.000471686,5.00604
0,28,104,v,0.00109032,3.47214
0,28,124,u,-0.00160694,4.95793
0,28,124,v,-3.46422e-05,4.8729
0,29,4,u,-0.0011886,4.68416
0,29,4,v,0.00056291,6.27105
0,29,20,u,-0.00141614,5.70064
0,29,20,v,-0.000946115,5.73328
0,29,24,u,0.000412494,6.53624
0,29,24,v,0.00092701,6.17019
0,29,105,u,-0.00102631,5.89827
0,29,105,v,0.000295088,4.42122
0,29,121,u,-0.000135649,5.36564
0,29,121,v,0.000310519,5.38391
0,29,125,u,0.000505439,5.94505
0,29,125,v,-0.000307951,5.95373
0,30,5,u,-0.00124707,4.27122
0,30,5,v,0.0003668,5.09609
0,30,21,u,0.000400157,5.07469
0,30,21,v,0.000785429,4.62834
0,30,25,u,-0.000648115,5.52391
0,30,25,v,0.000413603,5.19201
0,30,104,u,-0.000624464,5.89904
0,30,104,v,-0.000743016,4.13177
0,30,124,u,-0.000690277,5.99202
0,30,124,v,-0.00125686,5.62633
0,31,4,u,-8.08134e-05,3.49222
0,31,4,v,0.0018979,4.54318
0,31,24,u,0.00176849,4.58057
0,31,24,v,0.00057201,4.66807
0,31,105,u,-0.000262426,4.77507
0,31,105,v,0.000295088,3.81622
0,31,121,u,0.000130784,4.34614
0,31,121,v,0.000675452,4.57338
0,31,125,u,0.00126933,4.91314
0,31,125,v,-0.000307951,4.96373
0,32,4,u,-0.00042471,5.14847
0,32,4,v,0.00056291,6.53505
0,32,20,u,-0.000295768,6.1588
0,32,20,v,0.00073444,5.94172
0,32,24,u,-0.000351395,6.79794
0,32,24,v,-0.000906323,6.61386
0,33,4,u,-0.0011886,4.68416
0,33,4,v,0.00056291,6.13539
0,33,20,u,-0.00111058,5.64909
0,33,20,v,0.00195666,5.63915
0,33,24,u,0.000259717,6.22404
0,33,24,v,-0.000600767,6.2276
0,33,105,u,-0.000262426,5.82997
0,33,105,v,-0.000316023,4.51991
0,33,121,u,0.000169907,5.33029
0,33,121,v,0.000310519,5.44991
0,33,125,u,4.71055e-05,5.9362
0,33,125,v,-0.00122462,5.98462
0,34,5,u,0.00153391,4.2417
0,34,5,v,0.0003668,5.62409
0,34,21,u,0.00204116,5.13989
0,34,21,v,0.000785429,5.17724
0,34,25,u,-0.000648115,5.73511
0,34,25,v,0.000719158,5.70996
0,34,104,u,0.000139425,5.76474
0,34,104,v,0.000558015,4.28296
0,34,124,u,-7.91662e-05,5.81132
0,34,124,v,0.000270913,5.78715
0,35,5,u,0.000280704,5.91044
0,35,5,v,6.12443e-05,8.58434
0,35,21,u,-0.000720214,7.32253
0,35,21,v,0.000785429,7.92834
0,35,25,u,-0.000342559,8.14097
0,35,25,v,-0.000655842,8.70237
0,35,104,u,-0.00016613,8.19699
0,35,104,v,0.000238226,6.8001
0,35,120,u,0.00101896,7.5959
0,35,120,v,-0.000956577,7.92679
0,35,124,u,0.00144861,8.31691
0,35,124,v,0.000270913,8.86495
0,36,5,u,-0.000483185,3.69053
0,36,5,v,-0.000397089,5.09839
0,36,21,u,-0.000414658,4.49898
0,36,21,v,0.000785429,4.69434
0,36,25,u,-0.000648115,4.94311
0,36,25,v,-0.000655842,5.20437
0,36,104,u,0.000292203,5.05763
0,36,104,v,-0.000743016,4.23737
0,36,124,u,0.00144861,5.24131
0,36,124,v,0.000576469,5.4683
0,37,104,u,0.000292203,1.03163
0,37,104,v,-0.00181246,9.76791
0,37,124,u,0.00144861,1.18891
0,37,124,v,-0.000492976,9.65464
0,38,3,u,0.000360919,-0.891918
0,38,3,v,0.000249567,16.1065
0,38,5,u,-0.000177629,15.9315
0,38,5,v,0.0003668,1.26809
0,38,21,u,0.000400157,15.4697
0,38,21,v,0.000785429,0.074338
0,38,22,u,0.00138225,-0.217319
0,38,22,v,-5.48962e-05,15.3472
0,38,25,u,-0.000342559,13.8962
0,38,25,v,-0.000350286,3.45852
0,38,105,u,0.000501463,6.02786
0,38,105,v,0.000295088,4.87222
0,38,121,u,0.00062824,5.48323
0,38,121,v,-9.68882e-05,5.81564
0,38,125,u,0.00126933,6.15394
0,38,125,v,0.000455938,6.35204
0,39,5,u,0.000280704,5.51444
0,39,5,v,0.0003668,8.66009
0,39,21,u,-0.000720214,6.95678
0,39,21,v,-0.000284015,8.0067
0,39,25,u,-0.000648115,7.86581
0,39,25,v,-0.00160375,8.72822
0,39,104,u,-0.00016613,6.81099
0,39,104,v,-0.00135413,5.86507
0,39,120,u,0.00150531,6.27419
0,39,120,v,-3.99101e-05,6.8531
0,39,124,u,0.000684723,6.86721
0,39,124,v,-0.000492976,7.65484
0,41,4,u,0.000339179,3.65698
0,41,4,v,-0.000817785,5.21053
0,41,20,u,-0.000601323,4.49435
0,41,20,v,0.000483616,4.78212
0,41,24,u,-0.000351395,5.01594
0,41,24,v,0.00092701,5.25939
0,42,4,u,-0.00042471,4.90977
0,42,4,v,0.00153647,7.31949
0,42,20,u,9.78778e-06,6.077
0,42,20,v,-0.000335004,6.76698
0,42,24,u,-0.00111528,6.72963
0,42,24,v,-0.000906323,7.40586
0,42,105,u,0.000501463,6.42386
0,42,105,v,-0.000468801,5.67401
0,42,121,u,0.000169907,5.77139
0,42,121,v,-0.000496797,6.68115
0,42,125,u,-0.000182453,6.56891
0,42,125,v,-0.000307951,7.20773
0,43,5,u,-0.00124707,4.32402
0,43,5,v,-0.000397089,6.28529
0,43,21,u,-0.000414658,5.35698
0,43,21,v,2.15403e-05,5.81754
0,43,25,u,0.000115774,5.93432
0,43,25,v,0.00148305,6.36765
0,43,104,u,-0.000471686,5.86404
0,43,104,v,0.000757087,4.92626
0,43,120,u,0.00101896,5.4179
0,43,120,v,0.000571201,5.7116
0,43,124,u,-0.00210102,5.9514
0,43,124,v,0.000576469,6.3923
0,44,4,u,-0.0011886,6.00416
0,44,4,v,0.00056291,6.86139
0,44,20,u,-0.000295768,7.0828
0,44,20,v,0.000428885,6.19597
0,44,24,u,-0.000351395,7.67464
0,44,24,v,0.00092701,6.97539
0,44,105,u,0.000807018,8.14741
0,44,105,v,-0.000468801,5.59591
0,44,121,u,-5.02049e-05,7.54563
0,44,121,v,0.000114314,6.92565
0,44,125,u,0.00126933,8.33194
0,44,125,v,-0.000307951,7.66973
0,45,21,u,-0.000414658,8.52498
0,45,21,v,-0.000589571,8.41385
0,45,25,u,0.000115774,9.36632
0,45,25,v,0.000719158,9.33886
0,45,104,u,-0.000471686,8.55684
0,45,104,v,0.000784762,6.57619
0,45,120,u,-2.24667e-05,7.9926
0,45,120,v,-3.99101e-05,7.7771
0,45,124,u,-7.91662e-05,8.70212
0,45,124,v,0.000270913,8.73295
0,46,5,u,-0.00124707,5.66822
0,46,5,v,-0.000244311,7.95639
0,46,21,u,9.46012e-05,6.97149
0,46,21,v,0.000785429,7.34754
0,46,25,u,-0.000648115,7.71511
0,46,25,v,-4.47307e-05,8.08607
0,46,104,u,-0.000471686,8.49084
0,46,104,v,0.000173651,6.85968
0,46,120,u,0.000143448,7.89506
0,46,120,v,-3.99101e-05,8.0411
0,46,124,u,-7.91662e-05,8.64932
0,46,124,v,-0.000492976,8.99464
0,47,4,u,0.000339179,4.97698
0,47,4,v,-0.00136136,6.01735
0,47,20,u,-0.000295768,5.8948
0,47,20,v,0.000428885,5.44577
0,47,24,u,0.000412494,6.40314
0,47,24,v,-0.000906323,6.13096
0,47,105,u,-0.000262426,6.22707
0,47,105,v,0.000295088,4.60822
0,47,121,u,-0.000135649,5.69564
0,47,121,v,0.000565149,5.61458
0,47,125,u,-0.00025845,6.38846
0,47,125,v,0.00030316,6.13223
0,48,4,u,-0.0011886,8.57816
0,48,4,v,0.000461059,10.377
0,48,20,u,9.78778e-06,10.1993
0,48,20,v,0.00073444,9.43972
0,48,24,u,-0.00187917,11.1493
0,48,24,v,-0.000600767,10.5418
0,48,105,u,0.000807018,11.0723
0,48,105,v,0.000295088,7.77622
0,48,121,u,0.000560906,10.2007
0,48,121,v,0.000114314,9.56565
0,48,125,u,0.00126933,11.2491
0,48,125,v,-0.00122462,10.5914
0,49,5,u,-0.000483185,4.32523
0,49,5,v,0.0003668,5.36009
0,49,21,u,0.00121497,5.1884
0,49,21,v,0.000785429,4.89234
0,49,25,u,-0.000648115,5.68121
0,49,25,v,-0.000655842,5.40237
0,49,104,u,-0.000471686,5.91684
0,49,104,v,0.000479206,4.18903
0,49,124,u,0.000684723,6.00811
0,49,124,v,0.000270913,5.72115
0,50,5,u,-0.00124707,6.83202
0,50,5,v,0.0003668,8.72609
0,50,21,u,-0.000414658,8.26098
0,50,21,v,-0.000284015,8.0078
0,50,25,u,0.000115774,9.03522
0,50,25,v,-4.47307e-05,8.88027
0,50,104,u,-0.00016613,9.23979
0,50,104,v,0.000784762,6.82699
0,50,120,u,0.00150531,8.65019
0,50,120,v,0.000571201,8.1272
0,50,124,u,0.00144861,9.37291
0,50,124,v,-0.000492976,9.19264
0,51,5,u,-0.00124707,8.35002
0,51,5,v,0.0003668,10.4421
0,51,21,u,-0.000720214,10.0258
0,51,21,v,-0.00135346,9.55026
0,51,25,u,0.000115774,10.9371
0,51,25,v,-0.000655842,10.6824
0,51,104,u,-0.000471686,10.154
0,51,104,v,0.000173651,7.58568
0,51,120,u,-2.24667e-05,9.5106
0,51,120,v,0.000571201,8.9852
0,51,124,u,0.00160139,10.3972
0,51,124,v,-0.00125686,10.1143
0,52,4,u,-0.000229181,5.14307
0,52,4,v,0.00056291,7.05939
0,52,20,u,-0.000295768,6.2908
0,52,20,v,0.000428885,6.50177
0,52,24,u,-4.5839e-05,6.93889
0,52,24,v,-0.000906323,7.15506
0,52,105,u,0.000501463,6.60866
0,52,105,v,-0.000774357,5.14366
0,52,121,u,0.00062824,6.01123
0,52,121,v,-0.000191241,6.2094
0,52,125,u,-0.00025845,6.67336
0,52,125,v,-0.00122462,6.82942
0,53,4,u,0.000644734,4.59213
0,53,4,v,-0.00136136,6.14935
0,53,20,u,-0.000295768,5.5648
0,53,20,v,-0.000335004,5.59108
0,53,24,u,0.0020512,6.14945
0,53,24,v,0.000163121,6.1846
0,53,105,u,4.31296e-05,6.76371
0,53,105,v,-0.000316023,5.11391
0,53,121,u,-5.02049e-05,6.15963
0,53,121,v,0.000114314,6.19965
0,53,125,u,4.71055e-05,6.8393
0,53,125,v,-0.000460729,6.84383
0,54,5,u,-0.00124707,4.54622
0,54,5,v,-0.000244311,6.63639
0,54,21,u,-0.000414658,5.68698
0,54,21,v,-0.00135346,6.10506
0,54,25,u,0.000115774,6.39632
0,54,25,v,-0.00080862,6.63747
0,54,104,u,-0.000471686,6.84084
0,54,104,v,-0.00104857,5.15022
0,54,120,u,-0.000633578,6.36491
0,54,120,v,0.000571201,6.1472
0,54,124,u,-7.91662e-05,6.86952
0,54,124,v,-0.00125686,7.02553
0,55,4,u,0.000644734,6.04413
0,55,4,v,0.00056291,8.70939
0,55,20,u,-0.000295768,7.4128
0,55,20,v,-0.00109889,8.02218
0,55,24,u,-0.000351395,8.28954
0,55,24,v,-0.000600767,8.8016
0,55,105,u,0.000501463,7.60966
0,55,105,v,-0.000316023,6.28871
0,55,121,u,-5.02049e-05,6.88563
0,55,121,v,-0.000191241,7.5294
0,55,125,u,0.00126933,7.75114
0,55,125,v,-2.39535e-06,8.25398
0,56,5,u,-0.00124707,5.52302
0,56,5,v,-0.000397089,7.54039
0,56,21,u,-0.000720214,6.75878
0,56,21,v,-0.000589571,6.90795
0,56,25,u,-0.000648115,7.46981
0,56,25,v,-0.000350286,7.61652
0,56,104,u,0.00136165,7.42127
0,56,104,v,0.000479206,5.72793
0,56,120,u,0.000741422,6.9101
0,56,120,v,-3.99101e-05,6.7871
0,56,124,u,0.00144861,7.52491
0,56,124,v,-0.00125686,7.64593
0,57,4,u,0.000844632,5.05252
0,57,4,v,0.00056291,6.72939
0,57,20,u,-0.00111058,6.11384
0,57,20,v,-0.000335004,6.18508
0,57,24,u,0.00194027,6.73556
0,57,24,v,-0.000906323,6.87786
0,57,105,u,-0.000262426,7.41397
0,57,105,v,0.000295088,5.86222
0,57,121,u,-5.02049e-05,6.75363
0,57,121,v,0.000114314,7.03345
0,57,125,u,0.00106538,7.59058
0,57,125,v,-0.000307951,7.66973
0,58,4,u,0.000644734,6.37413
0,58,4,v,-0.000750246,8.49644
0,58,20,u,-0.000295768,7.7428
0,58,20,v,-0.00109889,7.75818
0,58,24,u,-0.00111528,8.51053
0,58,24,v,-0.000600767,8.5618
0,58,105,u,-0.00102631,7.81227
0,58,105,v,0.000295088,6.06022
0,58,121,u,0.00147757,7.13512
0,58,121,v,0.00164209,7.31307
0,58,125,u,0.00126933,7.93594
0,58,125,v,-0.000766284,8.00857
0,59,4,u,-0.0011886,4.81616
0,59,4,v,-0.00136136,6.14935
0,59,20,u,-0.00111058,5.78109
0,59,20,v,0.00119277,5.57656
0,59,24,u,-0.000351395,6.40194
0,59,24,v,-0.000600767,6.1407
0,59,105,u,0.000501463,5.43386
0,59,105,v,-0.000468801,3.76001
0,59,121,u,-0.000135649,4.96964
0,59,121,v,0.000310519,4.65791
0,59,125,u,0.00126933,5.44114
0,59,125,v,-2.39535e-06,5.21798
0,60,4,u,0.000339179,4.31698
0,60,4,v,0.00056291,5.73939
0,60,20,u,-0.000295768,5.2348
0,60,20,v,0.000428885,5.27197
0,60,24,u,-0.000351395,5.74194
0,60,24,v,-0.00083672,5.84216
0,60,105,u,-0.00102631,6.29427
0,60,105,v,0.000295088,4.94922
0,60,125,u,0.00126933,6.41794
0,60,125,v,-0.000766284,6.51037
0,61,4,u,0.000339179,7.55098
0,61,4,v,0.000916861,9.98661
0,61,20,u,-0.000295768,9.1288
0,61,20,v,0.00104,9.11946
0,61,24,u,-0.000351395,10.0715
0,61,24,v,-0.00121188,10.1021
0,61,105,u,-0.00102631,10.5183
0,61,105,v,0.00105898,8.10852
0,61,121,u,-5.02049e-05,9.59163
0,61,121,v,0.000114314,9.80545
0,61,125,u,0.00126933,10.7211
0,61,125,v,-0.000307951,10.7717
0,62,4,u,0.000339179,3.65698
0,62,4,v,0.00056291,5.80905
0,62,20,u,-0.000295768,4.6408
0,62,20,v,0.00104,5.35746
0,62,24,u,-0.000351395,5.21394
0,62,24,v,0.00092701,5.77419
0,62,105,u,0.000501463,5.36786
0,62,105,v,0.000295088,4.54222
0,62,121,u,0.00132682,4.84697
0,62,121,v,0.000768853,5.39871
0,62,125,u,-0.00025845,5.37756
0,62,125,v,-2.39535e-06,5.94398
0,63,4,u,0.000339179,8.80498
0,63,4,v,0.00462938,10.6629
0,63,20,u,-0.00111058,10.4698
0,63,20,v,-2.94485e-05,9.72582
0,63,105,u,-0.000262426,10.4511
0,63,105,v,0.000295088,7.40442
0,63,121,u,-5.02049e-05,9.59163
0,63,121,v,0.00194765,9.07212
0,63,125,u,0.00126933,10.6419
0,63,125,v,-0.000307951,10.0457
0,64,4,u,-0.00042471,7.12737
0,64,4,v,0.0024981,8.4391
0,64,20,u,-0.000295768,8.4688
0,64,20,v,0.000428885,7.68977
0,64,24,u,-0.000351395,9.17394
0,64,24,v,-0.000906323,8.65986
0,64,105,u,0.000501463,7.80986
0,64,105,v,0.000600643,6.11647
0,64,121,u,-0.000661316,7.13453
0,64,121,v,-0.000496797,7.34115
0,64,125,u,0.00126933,8.08114
0,64,125,v,-0.000766284,7.94257
0,65,4,u,-0.0011886,3.95816
0,65,4,v,-0.00137227,4.95367
0,65,20,u,-0.000295768,4.7068
0,65,20,v,0.000428885,4.52177
0,65,24,u,-0.000351395,5.14794
0,65,24,v,-0.00184057,5.08701
0,65,105,u,-0.000262426,4.77507
0,65,105,v,0.00105898,3.75142
0,65,121,u,0.00176493,4.39363
0,65,121,v,0.00230508,4.51846
0,65,125,u,-0.00025845,4.91556
0,65,125,v,-2.39535e-06,4.90888
0,66,5,u,-0.00124707,8.41602
0,66,5,v,0.0003668,11.8281
0,66,21,u,0.00182608,10.3708
0,66,21,v,-0.000284015,10.8909
0,66,25,u,-0.001412,11.5408
0,66,25,v,-0.000655842,11.9364
0,66,120,u,-0.000633578,10.9849
0,66,120,v,-3.99101e-05,11.0111
0,67,5,u,-0.00124707,8.08382
0,67,5,v,0.0003668,11.3001
0,67,21,u,-0.000720214,9.96253
0,67,21,v,-0.00138776,10.4518
0,67,25,u,0.000879663,11.0362
0,67,25,v,-0.000655842,11.4744
0,67,104,u,0.00105609,9.80843
0,67,104,v,-0.000882144,7.84986
0,67,120,u,0.00150531,9.11219
0,67,120,v,0.000265645,9.21935
0,67,124,u,-0.000384722,9.91447
0,67,124,v,-3.46422e-05,10.3718
0,68,24,u,-0.00108336,4.28985
0,68,24,v,0.00057201,4.99807
0,68,105,u,0.000501463,5.07746
0,68,105,v,0.000295088,4.47622
0,68,121,u,0.00062824,4.55923
0,68,121,v,-9.68882e-05,5.28764
0,68,125,u,0.00126933,5.09794
0,68,125,v,-2.39535e-06,5.79878
0,69,4,u,-0.00195249,4.15496
0,69,4,v,0.000664762,5.36057
0,69,20,u,0.000315343,5.00521
0,69,20,v,0.000428885,4.91777
0,69,24,u,-0.00187917,5.54152
0,69,24,v,-0.000906323,5.40496
0,69,105,u,0.000807018,5.46231
0,69,105,v,0.000295088,3.94822
0,69,121,u,0.000169907,5.00029
0,69,121,v,0.000106815,4.84077
0,69,125,u,0.000505439,5.50835
0,69,125,v,-0.000307951,5.38063
0,70,5,u,-0.00124707,5.64402
0,70,5,v,0.00113069,7.73488
0,70,21,u,-0.00306004,6.85845
0,70,21,v,-0.0010479,7.1312
0,70,25,u,0.000115774,7.58542
0,70,25,v,0.000719158,7.88686
0,70,104,u,0.000139425,7.74474
0,70,104,v,0.000173651,6.33168
0,70,120,u,0.000741422,7.1994
0,70,120,v,0.000265645,7.39115
0,70,124,u,0.00144861,7.92091
0,70,124,v,-0.00125686,8.21353
0,71,4,u,0.000339179,5.29378
0,71,4,v,0.000766614,6.96175
0,71,24,u,0.000259717,7.01604
0,71,24,v,-0.000906323,7.07586
0,71,105,u,-0.00102631,6.16227
0,71,105,v,-1.04678e-05,4.86106
0,71,121,u,-0.000135649,5.62964
0,71,121,v,-0.000707999,5.83073
0,71,125,u,-0.00025845,6.30156
0,71,125,v,-0.00153017,6.35627
0,72,4,u,-0.0011886,5.87216
0,72,4,v,0.00056291,7.98339
0,72,20,u,-0.000295768,7.1488
0,72,20,v,0.000428885,7.35977
0,72,24,u,-0.000351395,7.91994
0,72,24,v,-0.000600767,8.0998
0,72,105,u,0.000501463,7.87586
0,72,105,v,-1.04678e-05,6.22616
0,72,121,u,-5.02049e-05,7.14963
0,72,121,v,-0.000191241,7.4843
0,72,125,u,0.00126933,8.00194
0,72,125,v,-0.000307951,8.19773
0,73,4,u,-0.000744646,3.42723
0,73,4,v,-0.00137227,4.75567
0,73,20,u,-0.00240116,4.18571
0,73,20,v,0.000111679,4.38889
0,73,24,u,-0.000351395,4.61994
0,73,24,v,0.000163121,4.8393
0,73,125,u,-0.00144225,4.61009
0,73,125,v,-0.000456874,5.93515
0,74,5,u,-0.00124707,7.22802
0,74,5,v,-0.000244311,9.54039
0,74,25,u,-0.000648115,9.66871
0,74,25,v,0.000413603,9.68001
0,74,104,u,0.00135363,8.94082
0,74,104,v,-0.000743016,6.75857
0,74,120,u,-0.000633578,8.34491
0,74,120,v,0.000265645,8.03135
0,74,124,u,0.00144861,9.04291
0,74,124,v,0.000270913,9.12895
0,75,5,u,-0.001116,3.99585
0,75,5,v,0.0003668,5.62409
0,75,25,u,0.000879663,5.60553
0,75,25,v,-0.000655842,5.73237
0,75,104,u,-0.000471686,5.32284
0,75,104,v,0.000173651,3.95568
0,75,124,u,0.00144861,5.34691
0,75,124,v,0.000270913,5.41205
0,76,104,u,0.000233255,5.14473
0,76,104,v,2.08729e-05,3.45978
0,76,124,u,0.00144861,5.14891
0,76,124,v,0.00256258,4.87007
0,77,5,u,-0.000483185,5.97523
0,77,5,v,0.00189458,7.99767
0,77,22,u,-0.0902438,20.5894
0,77,22,v,0.00626088,24.0874
0,77,25,u,-0.000648115,8.03191
0,77,25,v,-4.47307e-05,8.15427
0,77,104,u,0.000139425,7.08474
0,77,104,v,-0.00104857,5.54622
0,77,120,u,-0.000236974,6.60167
0,77,120,v,0.000571201,6.5432
0,77,124,u,-0.000384722,7.20847
0,77,124,v,0.000270913,7.32605
0,78,4,u,0.000339179,10.0458
0,78,4,v,0.000766614,12.2418
0,78,20,u,-0.000295768,11.9668
0,78,20,v,0.00073444,11.1557
0,78,24,u,-0.000351395,13.0415
0,78,24,v,0.00092701,12.5062
0,78,105,u,-0.00129838,12.508
0,78,105,v,-1.04678e-05,9.13016
0,78,121,u,0.000866462,11.476
0,78,121,v,0.000878203,11.1267
0,78,125,u,0.000352661,12.7891
0,78,125,v,-0.00107184,12.2214
0,79,5,u,0.000280704,6.57044
0,79,5,v,-0.000244311,9.73839
0,79,21,u,-0.000414658,8.19498
0,79,21,v,0.00154932,8.98203
0,79,25,u,-0.000248305,9.234
0,79,25,v,-0.000655842,9.75837
0,79,104,u,0.000903314,8.46843
0,79,104,v,-6.73293e-05,6.7829
0,79,120,u,-2.24667e-05,7.8628
0,79,120,v,0.000640034,8.02135
0,79,124,u,0.00144861,8.51491
0,79,124,v,0.000270913,9.06295
0,80,104,u,-0.000471686,5.79804
0,80,104,v,-0.000743016,4.56737
0,80,124,u,0.000684723,5.87721
0,80,124,v,0.000270913,6.09295
0,81,5,u,-0.000624984,3.53318
0,81,5,v,-9.47845e-05,5.02353
0,81,21,u,-0.000414658,4.36698
0,81,21,v,-0.000589571,4.65185
0,81,25,u,-0.000648115,4.82431
0,81,25,v,-0.000655842,5.13837
0,81,104,u,-0.000471686,4.79484
0,81,104,v,-0.000465136,4.01831
0,81,124,u,-7.91662e-05,4.88732
0,81,124,v,-0.000492976,5.17764
0,82,4,u,0.000644734,8.22213
0,82,4,v,0.00056291,11.1514
0,82,20,u,-0.00141614,9.99064
0,82,20,v,-0.000371838,10.2035
0,82,24,u,-0.00187917,11.0701
0,82,24,v,-0.000906323,11.2339
0,82,105,u,-0.000262426,10.384
0,82,105,v,0.000295088,7.97422
0,82,121,u,-0.000253909,9.47476
0,82,121,v,-0.000496797,9.65115
0,82,125,u,-0.00025845,10.5256
0,82,125,v,-0.000307951,10.6397
0,83,4,u,-0.0011886,6.41336
0,83,4,v,0.00056291,9.03939
0,83,24,u,-0.000351395,8.64594
0,83,24,v,-0.00121188,9.24411
0,83,105,u,0.000501463,8.13766
0,83,105,v,-1.04678e-05,7.01816
0,83,121,u,0.000408128,7.36582
0,83,121,v,0.000878203,8.30186
0,83,125,u,0.000505439,8.34635
0,83,125,v,-2.39535e-06,8.97998
0,84,5,u,0.000280704,3.73244
0,84,5,v,0.0003668,5.03009
0,84,21,u,-0.000414658,4.56498
0,84,21,v,0.000785429,4.62834
0,84,25,u,-0.000648115,5.00911
0,84,25,v,-0.000655842,5.15157
0,84,104,u,-0.00119267,5.1251
0,84,104,v,-0.000743016,4.10537
0,84,124,u,0.00160139,5.2492
0,84,124,v,-0.000951309,5.37349
0,85,5,u,-0.00124707,4.34822
0,85,5,v,0.0003668,6.61409
0,85,21,u,-0.000414658,5.48898
0,85,21,v,-0.00135346,6.10506
0,85,25,u,-0.000648115,6.19711
0,85,25,v,-0.000655842,6.59037
0,85,104,u,-0.00016613,5.82099
0,85,104,v,-0.00104857,4.62222
0,85,124,u,0.00144861,5.80891
0,85,124,v,0.000270913,6.22495
0,86,4,u,-0.000883043,5.99442
0,86,4,v,0.00056291,7.65339
0,86,20,u,-0.000295768,7.2148
0,86,20,v,-0.000335004,6.96388
0,86,24,u,-0.000351395,7.91774
0,86,24,v,-0.000600767,7.7456
0,86,105,u,-0.00102631,7.94427
0,86,105,v,-1.04678e-05,5.83016
0,86,121,u,0.000560906,7.29672
0,86,121,v,0.000114314,7.09945
0,86,125,u,0.000505439,8.05705
0,86,125,v,-0.000307951,7.86773
0,87,5,u,-0.00124707,4.06002
0,87,5,v,-0.00157957,4.81186
0,87,21,u,-0.000414658,4.82898
0,87,21,v,-0.00135346,4.40226
0,87,25,u,-0.000953671,5.23556
0,87,25,v,-0.00246582,4.93932
0,88,5,u,-0.00124707,4.85202
0,88,5,v,6.12443e-05,6.93434
0,88,21,u,9.46012e-05,5.98149
0,88,21,v,-0.000284015,6.4029
0,88,25,u,-0.000342559,6.66807
0,88,25,v,0.000108047,6.98517
0,88,104,u,0.000139425,6.22674
0,88,104,v,-0.00200251,4.93962
0,88,120,u,-0.000328022,5.77295
0,88,120,v,0.000571201,5.8304
0,88,124,u,0.00144861,6.27091
0,88,124,v,-0.000492976,6.57794
0,89,5,u,0.000280704,5.18444
0,89,5,v,0.00265847,8.65646
0,89,21,u,-0.000414658,6.67698
0,89,21,v,-0.00135346,8.03226
0,89,25,u,-0.000648115,7.62271
0,89,25,v,-4.47307e-05,8.61517
0,89,104,u,0.000139425,8.40474
0,89,104,v,0.000784762,7.10419
0,89,120,u,-2.24667e-05,7.7286
0,89,120,v,-3.99101e-05,8.3051
0,89,124,u,0.00144861,8.38291
0,89,124,v,0.000270913,9.35115
0,90,5,u,-0.00124707,6.15112
0,90,5,v,0.0003668,8.33009
0,90,21,u,-0.000414658,7.53498
0,90,21,v,0.000479874,7.65569
0,90,25,u,-0.000342559,8.38407
0,90,25,v,-0.000655842,8.37237
0,90,104,u,0.0016672,7.80612
0,90,104,v,-0.000590238,5.73537
0,90,120,u,-2.24667e-05,7.2666
0,90,120,v,0.000571201,6.8864
0,90,124,u,-0.000384722,7.84977
0,90,124,v,0.000270913,7.87495
0,91,5,u,-0.00124707,4.69912
0,91,5,v,-0.000244311,7.75839
0,91,21,u,0.00152053,5.99485
0,91,21,v,-0.00135346,7.24026
0,91,25,u,-0.000648115,6.76471
0,91,25,v,-0.000655842,7.84437
0,91,104,u,0.00105609,7.89443
0,91,104,v,0.00176831,7.08927
0,91,120,u,-2.24667e-05,7.2666
0,91,120,v,-0.00157989,8.1723
0,91,124,u,-0.000384722,8.00047
0,91,124,v,-0.000492976,9.06064
0,92,5,u,-0.00124707,4.46702
0,92,5,v,6.12443e-05,6.27434
0,92,21,u,-0.000414658,5.48898
0,92,21,v,0.000785429,5.81634
0,92,25,u,0.000879663,6.06753
0,92,25,v,-4.47307e-05,6.43827
0,92,104,u,0.00136165,5.90327
0,92,104,v,0.000173651,4.87968
0,92,120,u,0.00181087,5.49194
0,92,120,v,0.000571201,5.6852
0,92,124,u,-7.91662e-05,6.00932
0,92,124,v,0.000576469,6.3472
0,93,5,u,-0.00124707,3.73002
0,93,5,v,0.0003668,5.29409
0,93,21,u,0.000400157,4.61269
0,93,21,v,2.15403e-05,4.89464
0,93,25,u,-0.000648115,5.14111
0,93,25,v,-0.000350286,5.32522
0,93,104,u,0.000292203,4.79363
0,93,104,v,0.00118319,3.7126
0,93,124,u,0.000684723,4.82121
0,93,124,v,-0.000492976,4.98074
0,94,5,u,-0.000483185,5.38123
0,94,5,v,6.12443e-05,5.85414
0,94,21,u,0.00252568,6.293
0,94,21,v,0.000785429,5.28834
0,94,25,u,0.000340121,6.82532
0,94,25,v,-4.47307e-05,5.97627
0,94,104,u,0.000292203,7.36763
0,94,104,v,-0.00162236,4.64587
0,94,120,u,-2.24667e-05,6.9366
0,94,120,v,2.89225e-05,5.67694
0,94,124,u,0.00144861,7.45891
0,94,124,v,0.000915507,6.57136
0,95,5,u,-0.000483185,4.86533
0,95,5,v,0.00113069,6.67888
0,95,21,u,-0.000414658,5.95098
0,95,21,v,-0.0010479,6.1412
0,95,25,u,0.000879663,6.59553
0,95,25,v,-0.000655842,6.72237
0,95,104,u,0.000597758,7.46868
0,95,104,v,0.000173651,5.80368
0,95,120,u,-0.000633578,6.95891
0,95,120,v,-3.99101e-05,6.8531
0,95,124,u,0.0023787,7.61225
0,95,124,v,0.000270913,7.72205
0,96,4,u,-0.0011886,4.94816
0,96,4,v,0.00056291,6.46539
0,96,20,u,-0.000295768,5.9608
0,96,20,v,0.000428885,5.90777
0,96,24,u,-4.5839e-05,6.62979
0,96,24,v,0.000163121,6.4893
0,96,105,u,-0.000262426,5.96307
0,96,105,v,0.000295088,4.27822
0,96,121,u,0.000169907,5.44139
0,96,121,v,0.000768853,5.26671
0,96,125,u,0.000505439,5.96925
0,96,125,v,-2.39535e-06,5.87798
0,97,5,u,-0.00124707,6.13022
0,97,5,v,-0.000397089,8.72839
0,97,21,u,-0.000414658,7.53498
0,97,21,v,-0.000589571,8.08385
0,97,25,u,0.00164355,8.31273
0,97,25,v,-0.000655842,8.96637
0,97,104,u,0.000903314,8.40243
0,97,104,v,-0.000743016,7.33937
0,97,120,u,0.00150531,7.79219
0,97,120,v,-3.99101e-05,8.5031
0,97,124,u,0.00144861,8.64691
0,97,124,v,-0.000492976,9.34994
0,98,5,u,-0.000483185,4.79933
0,98,5,v,6.12443e-05,6.36124
0,98,21,u,-0.000414658,5.88498
0,98,21,v,0.000785429,5.81634
0,98,25,u,-0.000648115,6.52711
0,98,25,v,-0.000655842,6.39237
0,98,104,u,0.000597758,7.02648
0,98,104,v,0.000784762,5.05819
0,98,120,u,-0.000328022,6.57265
0,98,120,v,-0.000803799,6.05879
0,98,124,u,0.00144861,7.06291
0,98,124,v,0.000270913,6.95095
0,99,4,u,0.000339179,5.57098
0,99,4,v,0.00056291,7.19139
0,99,20,u,9.78778e-06,6.737
0,99,20,v,-0.000335004,6.56898
0,99,24,u,-4.5839e-05,7.43499
0,99,24,v,-0.000600767,7.2418
0,99,105,u,-0.00102631,5.82127
0,99,105,v,0.000295088,4.14512
0,99,121,u,-0.00127041,5.28882
0,99,121,v,0.000106815,5.10477
0,99,125,u,0.000505439,5.83835
0,99,125,v,-0.000307951,5.68973
0,100,4,u,0.000339179,4.25098
0,100,4,v,0.00056291,5.80905
0,100,20,u,-0.000295768,5.1688
0,100,20,v,-0.00064056,5.32613
0,100,24,u,-0.00065695,5.68568
0,100,24,v,0.00092701,5.91939
0,100,105,u,-0.000262426,5.43507
0,100,105,v,-1.04678e-05,4.53106
0,100,121,u,0.000475462,4.92313
0,100,121,v,0.000106815,5.36877
0,100,125,u,-0.00025845,5.57556
0,100,125,v,0.000874513,5.83632
0,101,5,u,0.000280704,5.79164
0,101,5,v,0.0003668,7.32799
0,101,21,u,-0.000414658,7.00698
0,101,21,v,0.000785429,6.67434
0,101,25,u,0.000879663,7.71753
0,101,25,v,-4.47307e-05,7.36227
0,101,104,u,0.00136165,7.75127
0,101,104,v,0.000543782,5.33506
0,101,120,u,0.00150531,7.26419
0,101,120,v,-3.99101e-05,6.4571
0,101,124,u,-7.91662e-05,7.79352
0,101,124,v,0.000270913,7.41295
0,103,5,u,-0.000483185,5.59133
0,103,5,v,0.0003668,7.01009
0,103,21,u,-0.000414658,6.74298
0,103,21,v,-0.0010479,6.4052
0,103,25,u,-0.000342559,7.39407
0,103,25,v,0.00148305,7.09365
0,103,104,u,0.000292203,7.43363
0,103,104,v,-0.000590238,5.27337
0,103,120,u,-2.24667e-05,6.9366
0,103,120,v,0.000571201,6.3474
0,103,124,u,-7.91662e-05,7.52952
0,103,124,v,-3.46422e-05,7.1697
0,104,4,u,-0.0011886,5.67416
0,104,4,v,0.000766614,7.88575
0,104,20,u,-0.000295768,6.9508
0,104,20,v,0.000428885,7.22777
0,104,24,u,-0.00065695,7.79768
0,104,24,v,0.00092701,7.89939
0,104,105,u,0.000501463,7.41386
0,104,105,v,0.00105898,5.59942
0,104,121,u,-5.02049e-05,6.75363
0,104,121,v,-0.000191241,6.8034
0,104,125,u,0.000505439,7.42235
0,104,125,v,-0.00107184,7.53652
0,105,5,u,-0.000483185,5.45933
0,105,5,v,0.0003668,6.68009
0,105,21,u,-0.000414658,6.54498
0,105,21,v,-0.00135346,6.10506
0,105,25,u,0.000115774,7.05522
0,105,25,v,-4.47307e-05,6.90027
0,105,104,u,-0.000471686,6.24684
0,105,104,v,-0.00135413,4.74307
0,105,120,u,-0.000633578,5.83691
0,105,120,v,2.89225e-05,5.61094
0,105,124,u,-7.91662e-05,6.46032
0,105,124,v,0.000270913,6.24915
0,106,5,u,-0.00124707,4.99502
0,106,5,v,-0.000244311,7.16439
0,106,21,u,-0.000414658,6.21498
0,106,21,v,0.000785429,6.60944
0,106,25,u,0.000115774,6.92432
0,106,25,v,0.000413603,7.23801
0,106,104,u,-0.000471686,6.31284
0,106,104,v,-0.00104857,5.01822
0,106,120,u,-2.24667e-05,5.8564
0,106,120,v,-3.99101e-05,5.9291
0,106,124,u,-0.000384722,6.35047
0,106,124,v,0.000270913,6.68695
0,107,4,u,0.000339179,7.35298
0,107,4,v,0.00056291,9.17139
0,107,20,u,-0.000805027,8.8343
0,107,20,v,-0.000335004,8.36308
0,107,24,u,-4.5839e-05,9.73179
0,107,24,v,0.00092701,9.28539
0,107,105,u,-0.000262426,9.52707
0,107,105,v,-0.000468801,6.59801
0,107,121,u,-5.02049e-05,8.73363
0,107,121,v,0.00164209,8.17107
0,107,125,u,0.00157488,9.58799
0,107,125,v,-0.000307951,9.12173
0,108,5,u,0.00104459,8.08964
0,108,5,v,6.12443e-05,10.1892
0,108,21,u,9.46012e-05,9.74624
0,108,21,v,0.000785429,9.31434
0,108,25,u,-0.000648115,10.6829
0,108,25,v,-0.000655842,10.3524
0,108,124,u,-0.000384722,7.58577
0,108,124,v,0.000270913,3.05695
0,109,5,u,-0.00124707,5.62312
0,109,5,v,0.0003668,7.60409
0,109,21,u,-0.000414658,6.87498
0,109,21,v,-0.0010479,6.986
0,109,25,u,0.000115774,7.58542
0,109,25,v,0.000413603,7.70001
0,109,104,u,-0.000471686,6.59004
0,109,104,v,0.000479206,5.13393
0,109,120,u,-2.24667e-05,6.1204
0,109,120,v,-3.99101e-05,6.0611
0,109,124,u,0.000379167,6.65836
0,109,124,v,0.000270913,6.81895
0,110,4,u,0.000339179,1.61098
0,110,4,v,-0.00137227,12.0817
0,110,20,u,-0.000295768,3.9148
0,110,20,v,-0.000335004,11.5839
0,110,24,u,-0.000351395,6.07194
0,110,24,v,-0.000906323,11.1679
0,110,104,u,0.000139425,14.2655
0,110,104,v,0.000479206,8.36793
0,110,120,u,-0.000518589,13.502
0,110,120,v,0.000571201,10.4372
0,110,124,u,0.000684723,14.3912
0,110,124,v,0.000270913,12.2969
0,111,5,u,-0.00124707,9.27182
0,111,5,v,0.000825133,12.2659
0,111,21,u,-0.000414658,11.297
0,111,21,v,0.000785429,11.2283
0,111,25,u,-0.000648115,12.4649
0,111,25,v,-0.000655842,12.3852
0,111,104,u,0.0016672,11.9641
0,111,104,v,-0.000590238,8.95617
0,111,120,u,-2.24667e-05,11.1606
0,111,120,v,-3.99101e-05,10.6811
0,111,124,u,0.000684723,12.1472
0,111,124,v,0.000270913,12.0989
0,112,5,u,0.00194099,4.55725
0,112,5,v,-0.00156934,6.10726
0,112,21,u,-0.000414658,5.55498
0,112,21,v,0.000874382,5.61716
0,112,25,u,0.000115774,6.13122
0,112,25,v,-0.00111418,6.15363
0,112,104,u,-0.000471686,6.31284
0,112,104,v,2.08729e-05,4.72698
0,112,120,u,-2.24667e-05,5.8806
0,112,120,v,-0.00126213,5.62653
0,112,124,u,-0.000690277,6.37482
0,112,124,v,-0.000492976,6.35354
0,113,5,u,0.000280704,4.19444
0,113,5,v,0.0003668,5.55809
0,113,21,u,0.000400157,5.14069
0,113,21,v,2.15403e-05,5.09154
0,113,104,u,-0.000471686,4.92684
0,113,104,v,0.000479206,3.68193
0,113,124,u,-7.91662e-05,5.02152
0,113,124,v,0.000270913,4.97095
0,114,4,u,0.000339179,4.91098
0,114,4,v,-0.00136136,6.87535
0,114,20,u,-0.000295768,6.0268
0,114,20,v,-0.000335004,6.30608
0,114,24,u,-0.000351395,6.66374
0,114,24,v,-0.000906323,6.92296
0,114,105,u,0.00126535,6.67235
0,114,105,v,0.000295088,5.33422
0,114,121,u,0.00062824,6.06513
0,114,121,v,0.000114314,6.39765
0,114,125,u,-0.00025845,6.76356
0,114,125,v,-0.000307951,7.00973
0,116,4,u,0.000339179,6.42898
0,116,4,v,0.00056291,7.85505
0,116,20,u,-0.000295768,7.6768
0,116,20,v,-0.000335004,7.09698
0,116,122,u,0.00495478,15.5251
0,116,122,v,0.00704735,8.53584
0,117,4,u,-0.0011886,5.21216
0,117,4,v,0.0018979,6.06118
0,117,20,u,-0.000295768,6.1588
0,117,20,v,0.000428885,5.51177
0,117,24,u,-0.00111528,6.66363
0,117,24,v,-0.000906323,6.19696
0,117,105,u,0.000807018,6.10141
0,117,105,v,-1.04678e-05,4.31216
0,117,121,u,-0.000135649,5.62964
0,117,121,v,-9.68882e-05,5.28764
0,117,125,u,-0.00025845,6.25646
0,117,125,v,-0.000307951,5.82173
0,118,4,u,-0.000119155,6.65672
0,118,4,v,0.00056291,8.84139
0,118,20,u,-0.000295768,8.0728
0,118,20,v,0.00131286,8.13752
0,118,24,u,-0.00198938,8.84734
0,118,24,v,0.00092701,9.00819
0,118,105,u,4.31296e-05,7.55571
0,118,105,v,0.000295088,5.99422
0,118,121,u,-5.02049e-05,6.88563
0,118,121,v,0.000878203,7.19196
0,118,125,u,0.000352661,7.70705
0,118,125,v,0.000455938,7.87004
0,119,4,u,0.000339179,4.05298
0,119,4,v,-0.00137227,4.75567
0,119,20,u,9.78778e-06,4.79
0,119,20,v,0.000428885,4.28197
0,119,24,u,-0.000351395,5.26674
0,119,24,v,0.00092701,4.78419
0,119,105,u,-0.00102631,5.70027
0,119,105,v,-0.000163246,3.80416
0,119,121,u,0.000169907,5.26429
0,119,121,v,-9.68882e-05,4.75964
0,119,125,u,0.00126933,5.77114
0,119,125,v,-0.000307951,5.29373
0,120,5,u,-0.000483185,5.27453
0,120,5,v,6.12443e-05,6.29524
0,120,21,u,-0.00288808,6.29188
0,120,21,v,0.000785429,5.75034
0,120,25,u,0.000115774,6.85832
0,120,25,v,-4.47307e-05,6.43827
0,120,104,u,-0.000471686,6.31284
0,120,104,v,-0.00104857,4.35822
0,120,120,u,0.00150531,5.94419
0,120,120,v,-3.99101e-05,5.2691
0,120,124,u,-0.000384722,6.46377
0,120,124,v,-0.00125686,5.96953
0,121,5,u,-0.00124707,5.71002
0,121,5,v,0.0003668,8.84599
0,121,21,u,0.00121497,7.1684
0,121,21,v,0.000785429,8.19234
0,121,104,u,0.00105609,8.22443
0,121,104,v,0.000784762,6.90619
0,121,120,u,-2.24667e-05,7.5966
0,121,120,v,0.000571201,8.0612
0,121,124,u,-0.000690277,8.28882
0,121,124,v,0.000270913,9.06295
0,122,20,u,-0.000295768,7.9408
0,122,20,v,0.00073444,8.84572
0,122,24,u,-0.00111528,8.84163
0,122,24,v,-0.000906323,9.69496
0,122,105,u,-0.000539518,8.87755
0,122,105,v,-0.000468801,7.65401
0,122,121,u,-5.02049e-05,8.00763
0,122,121,v,0.000114314,9.07945
0,122,125,u,0.00126933,9.07114
0,122,125,v,-0.00122462,9.86542
0,123,4,u,-0.000271932,4.92827
0,123,4,v,0.00056291,6.79905
0,123,20,u,-0.000295768,6.0928
0,123,20,v,-0.00109889,6.16098
0,123,24,u,-0.00111528,6.79453
0,123,24,v,-0.00121188,6.73611
0,123,105,u,-0.00102631,6.88827
0,123,105,v,-0.000857752,4.91508
0,123,121,u,-0.00123488,6.25826
0,123,121,v,-0.000496797,6.08715
0,123,125,u,0.00157488,6.88199
0,123,125,v,-0.000307951,6.81173
0,124,4,u,0.00095029,4.73528
0,124,4,v,-0.00127042,6.45402
0,124,20,u,-0.000295768,5.7628
0,124,20,v,-0.00109889,5.91018
0,124,24,u,-0.000351395,6.40194
0,124,24,v,0.00092701,6.51339
0,124,105,u,-0.00102631,5.83227
0,124,105,v,0.000295088,4.50042
0,124,121,u,-0.000135649,5.29964
0,124,121,v,0.000310519,5.44991
0,124,125,u,0.00126933,5.90314
0,124,125,v,-0.000307951,6.00653
0,125,5,u,0.00121302,6.88713
0,125,5,v,0.0003668,8.46209
0,125,21,u,-0.000414658,8.26098
0,125,21,v,-0.00135346,7.70226
0,125,25,u,-0.000648115,9.02191
0,125,25,v,0.000719158,8.61396
0,125,104,u,0.000139425,8.27274
0,125,104,v,0.000173651,5.80368
0,125,120,u,-2.24667e-05,7.7286
0,125,120,v,-3.99101e-05,6.9719
0,125,124,u,-0.00111821,8.40923
0,125,124,v,0.000270913,7.94095
0,126,5,u,-0.000483185,5.11723
0,126,5,v,0.0003668,7.40609
0,126,21,u,0.000136418,6.32883
0,126,21,v,0.000479874,6.81749
0,126,25,u,-0.000342559,7.08497
0,126,25,v,-0.000655842,7.44837
0,126,104,u,-0.000471686,6.04884
0,126,104,v,-0.00198988,4.88315
0,126,120,u,0.00150531,5.61419
0,126,120,v,0.00103114,5.75868
0,126,124,u,-0.000690277,6.11082
0,126,124,v,0.000270913,6.48895
0,127,105,u,-0.000262426,5.48787
0,127,105,v,-1.04678e-05,4.18016
0,127,121,u,0.00062824,5.02233
0,127,121,v,-0.000300592,5.069
0,127,125,u,-0.00025845,5.55136
0,127,125,v,-0.000307951,5.55773
0,129,4,u,-0.0011886,4.15616
0,129,4,v,0.00056291,5.61105
0,129,20,u,-0.000295768,5.0368
0,129,20,v,0.000428885,5.11577
0,129,24,u,-0.000351395,5.60994
0,129,24,v,-0.000906323,5.62386
0,129,105,u,-0.00102631,6.95427
0,129,105,v,0.000295088,5.22642
0,129,121,u,-5.02049e-05,6.35763
0,129,121,v,-0.000496797,6.35115
0,129,125,u,0.00203322,7.02393
0,129,125,v,0.00030316,7.05623
0,130,4,u,0.000844632,4.19452
0,130,4,v,0.00056291,5.60739
0,130,20,u,-0.000295768,5.1028
0,130,20,v,0.000428885,5.18177
0,130,24,u,-0.000351395,5.60994
0,130,24,v,-0.000600767,5.7238
0,130,105,u,0.000501463,5.22266
0,130,105,v,0.00151731,4.20568
0,130,121,u,0.00062824,4.74513
0,130,121,v,-9.68882e-05,5.02364
0,130,125,u,-0.00025845,5.31156
0,130,125,v,-2.39535e-06,5.48198
0,131,5,u,0.000280704,4.19444
0,131,5,v,-0.000244311,5.18439
0,131,21,u,-0.000720214,5.04553
0,131,21,v,-0.00135346,4.73226
0,131,25,u,0.00118522,5.55068
0,131,25,v,0.000501188,5.24677
0,131,104,u,0.000597758,5.31158
0,131,104,v,0.000784762,3.65899
0,131,124,u,-0.000843055,5.35163
0,131,124,v,-0.00125686,5.04553
0,132,4,u,-0.00149415,3.81501
0,132,4,v,0.00056291,5.07939
0,132,20,u,-0.000295768,4.6408
0,132,20,v,-0.00109889,4.65618
0,132,24,u,-0.00111528,5.07963
0,132,24,v,-0.000906323,5.16186
0,132,105,u,0.000501463,4.97186
0,132,105,v,0.000295088,3.84042
0,132,121,u,-0.000135649,4.50764
0,132,121,v,-9.68882e-05,4.62764
0,132,125,u,0.00126933,5.04514
0,132,125,v,-0.000307951,5.09573
0,133,4,u,0.00095029,4.33928
0,133,4,v,0.00056291,5.14905
0,133,20,u,-0.000295768,5.1688
0,133,20,v,-0.00162132,4.64397
0,133,24,u,-4.5839e-05,5.62109
0,133,24,v,0.00092701,5.19339
0,133,105,u,-0.000262426,5.43397
0,133,105,v,-1.04678e-05,3.67306
0,133,121,u,-0.000135649,5.03564
0,133,121,v,0.00112533,4.53145
0,133,125,u,-0.00025845,5.50956
0,133,125,v,-0.000307951,5.09573
0,134,4,u,-0.0011886,5.08016
0,134,4,v,0.00056291,5.87139
0,134,20,u,-0.000295768,6.0268
0,134,20,v,0.00119277,5.31256
0,134,24,u,-0.000351395,6.59994
0,134,24,v,0.00092701,5.91939
0,134,105,u,0.000501463,6.46346
0,134,105,v,0.000295088,4.02522
0,134,121,u,-0.000135649,5.95964
0,134,121,v,0.000310519,5.11991
0,134,125,u,-0.000564006,6.44471
0,134,125,v,-0.00122462,5.77342
0,135,4,u,0.000339179,6.29698
0,135,4,v,0.00056291,7.78539
0,135,20,u,-0.000295768,7.5448
0,135,20,v,-0.000335004,7.09698
0,135,24,u,-0.00065695,8.23878
0,135,24,v,0.00092701,7.89939
0,135,105,u,0.000501463,8.00786
0,135,105,v,-0.000316023,5.77391
0,135,121,u,-0.000253909,7.36276
0,135,121,v,0.000114314,7.05765
0,135,125,u,0.00126933,8.14714
0,135,125,v,-0.000307951,7.80173
0,136,4,u,2.54484e-05,7.22174
0,136,4,v,0.000766614,9.20575
0,136,20,u,-0.00141614,8.67064
0,136,20,v,0.00073444,8.38372
0,136,24,u,-0.000351395,9.63594
0,136,24,v,-0.000906323,9.25386
0,136,105,u,0.000807018,8.85471
0,136,105,v,-0.000468801,6.12391
0,136,121,u,-0.00256805,8.10193
0,136,121,v,0.000759586,7.61045
0,136,125,u,-0.000564006,8.88671
0,136,125,v,-0.000348309,8.50366
0,137,4,u,0.00095029,7.11128
0,137,4,v,0.000664762,8.00057
0,137,20,u,-0.00141614,8.34064
0,137,20,v,0.000428885,7.22777
0,137,24,u,-0.000351395,9.08154
0,137,24,v,-0.00121188,8.12211
0,137,105,u,-0.00102631,9.33027
0,137,105,v,0.000295088,6.06022
0,137,121,u,-0.000253909,8.61676
0,137,121,v,-0.000191241,7.5954
0,137,125,u,0.00126933,9.46714
0,137,125,v,-0.00122462,8.47942
0,139,4,u,-0.0011886,4.09016
0,139,4,v,0.000664762,5.95457
0,139,20,u,-0.000295768,5.0368
0,139,20,v,0.000428885,5.51177
0,139,24,u,-0.000351395,5.60994
0,139,24,v,0.000163121,6.0273
0,139,105,u,-0.00142756,4.52444
0,139,105,v,-0.000175929,3.94855
0,140,5,u,0.000280704,4.59044
0,140,5,v,0.0003668,6.54809
0,140,21,u,-0.000414658,5.68698
0,140,21,v,-0.00135346,6.05226
0,140,25,u,-0.000796619,6.31464
0,140,25,v,0.000413603,6.64401
0,140,104,u,0.000597758,6.30158
0,140,104,v,-0.00104857,5.08422
0,140,120,u,-0.000633578,5.83691
0,140,120,v,-3.99101e-05,5.9951
0,140,124,u,0.000684723,6.40521
0,140,124,v,-0.000951309,6.67259
0,141,5,u,-0.00124707,5.24802
0,141,5,v,0.00189458,7.32447
0,141,21,u,-0.00166052,6.43236
0,141,21,v,0.00109098,6.72919
0,141,25,u,-0.000342559,7.13007
0,141,25,v,-0.000655842,7.38237
0,141,104,u,-0.000471686,6.57684
0,141,104,v,-0.00104857,5.21622
0,141,120,u,-0.000236974,6.13967
0,141,120,v,0.000571201,6.1472
0,141,124,u,0.000226389,6.67907
0,141,124,v,0.000270913,6.90915
0,142,105,u,0.000807018,3.74631
0,142,105,v,0.000295088,5.14832
0,143,4,u,0.000339179,6.33658
0,143,4,v,0.00056291,7.98705
0,143,20,u,-0.000295768,7.6108
0,143,20,v,-0.00109889,7.23018
0,143,24,u,-0.00111528,8.37963
0,143,24,v,0.000163121,8.0205
0,143,105,u,0.00254371,7.41563
0,143,105,v,0.000295088,5.14722
0,143,121,u,-5.02049e-05,6.75363
0,143,121,v,0.000114314,6.37345
0,144,5,u,0.000280704,5.71244
0,144,5,v,6.12443e-05,8.01124
0,144,21,u,9.46012e-05,7.03749
0,144,21,v,-0.0010479,7.3952
0,144,25,u,-0.00125923,7.82481
0,144,25,v,0.000413603,8.09711
0,144,104,u,0.000824088,8.04975
0,144,104,v,0.000173651,6.26568
0,144,120,u,-2.24667e-05,7.4646
0,144,120,v,0.000571201,7.4012
0,144,124,u,0.00144861,8.11891
0,144,124,v,-0.00125686,8.35873
0,145,5,u,-0.00124707,4.74422
0,145,5,v,-0.000244311,6.50439
0,145,104,u,0.00136165,6.76127
0,145,104,v,0.000173651,5.01168
0,145,120,u,-0.000328022,6.28775
0,145,120,v,0.00189326,5.98348
0,145,124,u,0.00144861,6.79891
0,145,124,v,-0.000492976,6.81664
0,146,5,u,-0.000483185,4.39123
0,146,5,v,0.0003668,6.21809
0,146,21,u,-0.000414658,5.42298
0,146,21,v,-0.000895126,5.752
0,146,25,u,-0.000648115,6.06511
0,146,25,v,-0.000350286,6.24922
0,146,104,u,-0.00016613,6.01899
0,146,104,v,0.00072105,4.68363
0,146,120,u,-0.000518589,5.582
0,146,120,v,-0.00160166,5.54492
0,146,124,u,0.00129583,6.05291
0,146,124,v,0.000452946,6.27389
0,147,20,u,-0.0845332,5.58706
0,147,20,v,-0.0926904,5.76989
0,147,105,u,-0.00102631,4.71027
0,147,105,v,0.000295088,3.97242
0,147,121,u,0.00062824,4.28313
0,147,121,v,-9.68882e-05,4.69364
0,147,125,u,-0.00025845,4.84956
0,147,125,v,-0.000307951,5.09573
0,148,4,u,0.000339179,5.83498
0,148,4,v,0.00056291,6.79539
0,148,20,u,-0.000295768,6.9508
0,148,20,v,0.00073444,6.15292
0,148,24,u,-0.000351395,7.64274
0,148,24,v,-0.000906323,6.81186
0,148,105,u,0.000501463,7.20266
0,148,105,v,-0.000621579,4.44276
0,148,121,u,0.000866462,6.65802
0,148,121,v,0.00137996,5.64762
0,148,125,u,4.71055e-05,7.1693
0,148,125,v,-0.000307951,6.41573
0,149,4,u,-0.0011886,6.73016
0,149,4,v,0.00056291,9.17139
0,149,20,u,-0.000295768,8.2048
0,149,20,v,-0.000335004,8.41588
0,149,24,u,-0.000351395,9.08154
0,149,24,v,-0.000600767,9.2878
0,149,105,u,-0.000262426,8.80107
0,149,105,v,-0.000468801,6.84991
0,149,121,u,-5.02049e-05,8.00763
0,149,121,v,0.000114314,8.28745
0,149,125,u,4.71055e-05,8.9062
0,149,125,v,-0.000307951,9.12173
0,150,5,u,0.000280704,4.92044
0,150,5,v,0.0003668,6.81209
0,150,21,u,-5.84109e-05,6.06344
0,150,21,v,-0.000589571,6.23585
0,150,25,u,0.000421329,6.40637
0,150,25,v,-0.00141973,7.05358
0,150,104,u,-0.000471686,7.43484
0,150,104,v,-0.000480568,5.53694
0,150,120,u,0.00160586,6.93803
0,150,120,v,-3.99101e-05,6.5891
0,150,124,u,0.000684723,7.46121
0,150,124,v,0.000270913,7.50315
0,151,5,u,0.000280704,4.06244
0,151,5,v,0.000672355,6.22783
0,151,21,u,9.46012e-05,5.12349
0,151,21,v,0.000785429,5.75034
0,151,25,u,0.000115774,5.80232
0,151,25,v,-0.000655842,6.20757
0,151,104,u,0.000139425,5.56674
0,151,104,v,0.000479206,4.40793
0,151,124,u,0.00144861,5.54491
0,151,124,v,0.000270913,5.91915
0,153,4,u,-0.0011886,5.27816
0,153,4,v,0.00056291,7.32339
0,153,20,u,-0.000295768,6.4888
0,153,20,v,-0.00109889,6.71538
0,153,24,u,-0.000351395,7.24674
0,153,24,v,-0.000906323,7.33986
0,153,105,u,0.000501463,7.34786
0,153,105,v,-1.04678e-05,5.50016
0,153,121,u,-5.02049e-05,6.68763
0,153,121,v,0.000114314,6.70345
0,154,5,u,-0.00124707,5.64402
0,154,5,v,0.0003668,7.14209
0,154,21,u,-0.000414658,6.80898
0,154,21,v,-0.000742349,6.54695
0,154,25,u,0.000115774,7.51832
0,154,25,v,-0.000655842,7.18437
0,154,104,u,-0.00016613,7.52379
0,154,104,v,0.00276576,5.19439
0,154,120,u,-2.24667e-05,7.0444
0,154,120,v,-0.00126213,6.26563
0,154,124,u,-0.000690277,7.56282
0,154,124,v,-0.000492976,7.21264
0,155,5,u,-0.00201096,5.25892
0,155,5,v,-0.000244311,7.69239
0,155,21,u,-0.000414658,6.54498
0,155,21,v,-0.00135346,7.10826
0,155,104,u,0.000139425,6.82074
0,155,104,v,-0.000882144,5.60861
0,155,120,u,-0.000328022,6.30865
0,155,120,v,0.000265645,6.57935
0,155,124,u,-0.000690277,6.90282
0,155,124,v,0.000270913,7.41295
0,156,5,u,0.000280704,5.31644
0,156,5,v,0.0003668,7.01009
0,156,25,u,-0.000648115,7.05511
0,156,25,v,-0.000655842,7.18437
0,156,104,u,0.00136165,6.82727
0,156,104,v,0.000173651,5.27568
0,156,120,u,-2.24667e-05,6.3844
0,156,120,v,0.000571201,6.2132
0,156,124,u,0.00144861,6.99691
0,156,124,v,-0.00125686,6.95953
0,157,4,u,0.00095029,5.06528
0,157,4,v,0.00056291,6.53139
0,157,20,u,-0.000295768,6.0928
0,157,20,v,-0.000335004,5.97498
0,157,24,u,-0.000351395,6.73194
0,157,24,v,-0.00121188,6.60411
0,157,105,u,-0.00107766,7.09253
0,157,105,v,0.000600643,5.23757
0,157,121,u,-5.02049e-05,6.48963
0,157,121,v,0.000114314,6.37345
0,157,125,u,0.000505439,7.15835
0,157,125,v,0.00030316,7.09803
0,158,20,u,-0.000295768,7.9408
0,158,20,v,0.000428885,7.82177
0,158,24,u,-0.000351395,8.69874
0,158,24,v,-0.000906323,8.70496
0,158,105,u,0.00111257,9.14716
0,158,105,v,-0.000316023,7.09391
0,158,121,u,-0.000253909,8.35276
0,158,121,v,0.00375177,8.56766
0,158,125,u,-0.000564006,9.32781
0,158,125,v,-2.39535e-06,9.37598
0,159,5,u,-0.00124707,7.37102
0,159,5,v,0.0003668,8.99009
0,159,21,u,0.000400157,8.83669
0,159,21,v,0.000785429,8.19234
0,159,25,u,-0.000648115,9.62911
0,159,25,v,0.000719158,9.20796
0,159,104,u,0.0016672,10.1161
0,159,104,v,-0.00121413,7.38334
0,159,120,u,-0.000633578,9.46691
0,159,120,v,0.000265645,8.82335
0,159,124,u,0.00129404,10.3619
0,159,124,v,-0.00125686,9.92953
0,160,5,u,-0.00124707,4.85202
0,160,5,v,0.0003668,7.34009
0,160,21,u,-0.0018018,6.10458
0,160,21,v,0.000785429,6.80634
0,160,25,u,-0.000648115,6.77791
0,160,25,v,0.00251672,7.43572
0,160,104,u,0.000139425,6.09474
0,160,104,v,-0.00104857,5.21622
0,160,120,u,0.00101896,5.6159
0,160,120,v,-0.00126213,6.06763
0,160,124,u,0.00144861,6.13891
0,160,124,v,0.000270913,6.77715
0,161,4,u,-0.0011886,5.52896
0,161,4,v,-0.00137227,6.14167
0,161,20,u,-0.000295768,6.4888
0,161,20,v,0.000428885,5.51177
0,161,24,u,0.00102656,7.0439
0,161,24,v,0.000163121,6.2253
0,161,105,u,-0.00102631,7.54827
0,161,105,v,0.00105898,5.00542
0,161,121,u,-5.02049e-05,6.95163
0,161,121,v,0.000114314,6.24145
0,161,125,u,0.00126933,7.68514
0,161,125,v,-0.000307951,6.94373
0,162,4,u,-0.000883043,7.35952
0,162,4,v,0.00056291,9.50139
0,162,20,u,-0.00141614,8.86864
0,162,20,v,-0.00109889,8.68218
0,162,24,u,-0.000351395,9.80754
0,162,24,v,-0.000600767,9.6178
0,162,105,u,0.000807018,9.05271
0,162,105,v,0.000295088,6.60032
0,162,121,u,-5.02049e-05,8.27163
0,162,121,v,-0.00202457,8.06473
0,162,125,u,0.00126933,9.13714
0,162,125,v,-0.00107184,8.92142
0,163,4,u,-0.0011886,11.1522
0,163,4,v,0.00056291,15.3094
0,163,20,u,-0.000295768,13.6168
0,163,20,v,0.00104,14.0695
0,163,24,u,-0.000351395,15.1535
0,163,24,v,0.00092701,15.4894
0,163,105,u,0.000501463,11.1099
0,163,105,v,-0.000468801,8.23591
0,163,121,u,-5.02049e-05,10.1196
0,163,121,v,-0.000191241,10.0583
0,163,125,u,0.00126933,11.1831
0,163,125,v,-0.00122462,11.1326
0,164,5,u,0.000280704,4.72244
0,164,5,v,0.0003668,6.21809
0,164,21,u,-0.000414658,5.75298
0,164,21,v,0.000785429,5.68434
0,164,25,u,0.000115774,6.32922
0,164,25,v,-0.000350286,6.28332
0,164,104,u,0.000139425,6.82074
0,164,104,v,-0.000590238,5.07537
0,164,120,u,-0.000328022,6.35375
0,164,120,v,-3.99101e-05,6.0611
0,164,124,u,-0.000384722,6.92577
0,164,124,v,0.000270913,6.84315
0,165,5,u,-0.00124707,8.61402
0,165,5,v,0.0003668,10.6401
0,165,21,u,0.000400157,10.3547
0,165,21,v,2.15403e-05,9.66644
0,165,25,u,-0.000648115,11.4111
0,165,25,v,0.000413603,10.7162
0,165,104,u,0.000139425,10.5827
0,165,104,v,-0.00104857,7.13022
0,165,120,u,-2.24667e-05,9.9066
0,165,120,v,0.000571201,8.6552
0,165,124,u,0.00144861,10.6269
0,165,124,v,0.000270913,9.98695
0,166,5,u,-0.00201096,11.7786
0,166,5,v,0.0003668,15.2337
0,166,21,u,-0.00102577,14.2986
0,166,21,v,-0.00135346,13.9591
0,166,25,u,-0.000648115,15.7011
0,166,25,v,-0.000655842,15.5004
0,166,104,u,0.00105609,15.8144
0,166,104,v,0.000173651,11.8097
0,166,120,u,0.00150531,14.7618
0,166,120,v,0.000407834,14.0434
0,166,124,u,0.000684723,16.0401
0,166,124,v,-0.00125686,15.8563
0,167,5,u,-0.000483185,3.99523
0,167,5,v,6.12443e-05,5.37124
0,167,21,u,-0.000414658,4.89498
0,167,21,v,-0.00135346,4.93026
0,167,25,u,0.000879663,5.40753
0,167,25,v,-0.000350286,5.42532
0,167,104,u,-0.00209436,5.84411
0,167,104,v,2.08729e-05,4.38378
0,167,124,u,-0.000384722,5.93577
0,167,124,v,-0.000492976,5.91794
0,168,5,u,-0.00277485,11.8566
0,168,5,v,6.12443e-05,16.5912
0,168,21,u,-0.00102577,14.5626
0,168,21,v,-0.000589571,15.2779
0,168,25,u,-0.000648115,16.1631
0,168,25,v,-0.000655842,16.8204
0,168,104,u,-0.00016613,4.68579
0,168,104,v,-0.00104857,5.21622
0,168,124,u,0.000684723,4.75411
0,168,124,v,-0.00125686,6.29953
0,169,4,u,-0.00150674,8.32986
0,169,4,v,0.00056291,10.8214
0,169,20,u,-0.000295768,10.0528
0,169,20,v,-0.00109889,9.87018
0,169,24,u,-0.00187917,11.1493
0,169,24,v,-0.000600767,10.8718
0,169,105,u,0.000807018,10.9403
0,169,105,v,0.000295088,7.84222
0,169,121,u,0.000722786,10.0241
0,169,121,v,0.000114314,9.61845
0,169,125,u,0.000352661,11.0071
0,169,125,v,-0.00153017,10.7123
0,170,5,u,0.000280704,3.99644
0,170,5,v,0.0003668,5.03009
0,170,21,u,-0.000414658,4.82898
0,170,21,v,-0.00135346,4.58706
0,170,25,u,-0.000648115,5.32591
0,170,25,v,-0.000961397,5.09673
0,170,104,u,0.00105609,5.58443
0,170,104,v,-0.000590238,3.96657
0,170,124,u,0.00114306,5.62206
0,170,124,v,0.000270913,5.43295
0,171,5,u,0.00058626,5.72359
0,171,5,v,0.0003668,6.74609
0,171,21,u,-0.000414658,6.80898
0,171,21,v,-0.000742349,6.11685
0,171,25,u,-3.70039e-05,7.40522
0,171,25,v,-0.000655842,6.85437
0,171,104,u,-0.000471686,7.10484
0,171,104,v,-0.00135413,4.87507
0,171,120,u,-2.24667e-05,6.6726
0,171,120,v,2.89225e-05,5.87494
0,171,124,u,0.000684723,7.26321
0,171,124,v,-0.00125686,6.68233
0,172,4,u,-0.0011886,4.28816
0,172,4,v,-0.00137227,5.74567
0,172,20,u,-0.000295768,5.20455
0,172,20,v,0.000428885,5.24777
0,172,24,u,-0.000351395,5.80794
0,172,24,v,-0.000600767,5.7238
0,172,105,u,-0.000262426,5.50107
0,172,105,v,-1.04678e-05,4.00306
0,172,121,u,-0.000135649,5.03564
0,172,121,v,-9.68882e-05,4.89164
0,172,125,u,0.00126933,5.50714
0,172,125,v,-2.39535e-06,5.46878
0,173,25,u,-0.000648115,4.78471
0,173,25,v,-0.000350286,5.06122
0,173,124,u,0.00144861,4.62091
0,173,124,v,0.000104749,4.90177
0,174,4,u,-0.0011886,9.23816
0,174,4,v,0.00056291,11.2871
0,174,20,u,-0.00223095,10.9989
0,174,20,v,0.000428885,10.2638
0,174,24,u,-0.000351395,12.0119
0,174,24,v,-0.00199394,11.4665
0,174,105,u,-0.000262426,13.222
0,174,105,v,0.000295088,9.64842
0,174,121,u,-0.000661316,12.1505
0,174,121,v,0.000114314,11.7855
0,174,125,u,0.000505439,13.4943
0,174,125,v,-0.00107184,13.0145
0,175,4,u,0.000339179,5.30698
0,175,4,v,0.0018979,7.57918
0,175,20,u,-0.000295768,6.4888
0,175,20,v,0.000428885,7.02977
0,175,24,u,-0.000351395,7.19394
0,175,24,v,0.000163121,7.7697
0,175,105,u,-0.000262426,7.28197
0,175,105,v,0.000295088,6.27032
0,175,121,u,-5.02049e-05,6.62163
0,175,121,v,0.000114314,7.42945
0,175,125,u,0.00126933,7.48714
0,175,125,v,-0.000460729,8.01863
0,176,4,u,0.000339179,4.31698
0,176,4,v,0.00056291,5.93739
0,176,20,u,-0.000295768,5.3008
0,176,20,v,0.000276107,5.42467
0,176,24,u,-0.000351395,5.93994
0,176,24,v,-0.000600767,5.9636
0,176,105,u,-0.000262426,5.49997
0,176,105,v,0.000295088,4.08022
0,176,121,u,-0.000135649,5.03564
0,176,121,v,0.00137996,4.98762
0,176,125,u,-0.00025845,5.50956
0,176,125,v,-0.000307951,5.55773
0,178,5,u,-0.00124707,4.12602
0,178,5,v,0.0003668,5.49319
0,178,21,u,-0.000414658,5.02698
0,178,21,v,0.000785429,5.02434
0,178,25,u,-0.000648115,5.55581
0,178,25,v,0.000413603,5.52311
0,178,104,u,-0.00016613,6.26979
0,178,104,v,0.000173651,4.61568
0,178,120,u,-0.000633578,5.83691
0,178,120,v,0.000265645,5.52335
0,178,124,u,-0.00186067,6.30255
0,178,124,v,0.000270913,6.24915
0,179,4,u,-0.000883043,5.40042
0,179,4,v,0.000461059,6.94504
0,179,5,u,0.000280704,4.59044
0,179,5,v,0.00298044,6.40991
0,179,20,u,9.78778e-06,6.506
0,179,20,v,0.000428885,6.30377
0,179,21,u,9.46012e-05,5.65424
0,179,21,v,0.000785429,5.88234
0,179,24,u,-0.000351395,7.23354
0,179,24,v,-0.000906323,6.92296
0,179,25,u,-0.000342559,6.29297
0,179,25,v,-0.00080862,6.43947
0,179,104,u,0.000903314,6.35643
0,179,104,v,-0.000419473,4.81856
0,179,105,u,0.000501463,6.15986
0,179,105,v,-0.000774357,4.19876
0,179,120,u,-0.000685192,5.91692
0,179,120,v,-0.000191079,5.72287
0,179,121,u,-0.000135649,5.62964
0,179,121,v,-9.68882e-05,5.22164
0,179,125,u,0.00126933,6.15394
0,179,125,v,-0.000460729,5.84173
0,180,5,u,-0.00124707,5.98502
0,180,5,v,0.0003668,7.86809
0,180,21,u,-0.000414658,7.27098
0,180,21,v,0.000785429,7.20234
0,180,25,u,-0.000648115,8.04511
0,180,25,v,-0.000350286,7.95202
0,180,104,u,0.000903314,8.07243
0,180,104,v,0.000784762,5.98219
0,180,120,u,-2.24667e-05,7.5306
0,180,120,v,-0.00126213,7.12363
0,180,124,u,-0.000690277,8.15682
0,180,124,v,-0.00125686,8.06833
0,181,4,u,-0.000439091,4.30243
0,181,4,v,0.00056291,5.80539
0,181,20,u,-0.000295768,5.2348
0,181,20,v,0.000428885,5.33797
0,181,24,u,-0.000351395,5.80794
0,181,24,v,0.000163121,5.8953
0,181,105,u,0.000501463,6.62186
0,181,105,v,0.000295088,5.06912
0,181,121,u,-0.000135649,6.02564
0,181,121,v,-0.000496797,6.15315
0,181,125,u,0.00126933,6.69514
0,181,125,v,-0.000766284,6.75457
0,182,4,u,0.000339179,4.25098
0,182,4,v,0.00056291,5.67705
0,182,20,u,-0.000295768,5.1688
0,182,20,v,0.000428885,5.18177
0,182,24,u,-0.00111528,5.67363
0,182,24,v,0.00092701,5.72139
0,182,105,u,-0.00102631,5.50227
0,182,105,v,0.000295088,4.21222
0,182,121,u,-0.000135649,5.03564
0,182,121,v,0.000310519,5.11991
0,182,125,u,-0.00025845,5.57556
0,182,125,v,-0.000307951,5.62373
0,183,4,u,-0.0011886,5.67416
0,183,4,v,0.0024981,8.64077
0,183,20,u,-0.000295768,7.0828
0,183,20,v,0.000428885,8.01977
0,183,24,u,-0.000351395,7.98594
0,183,24,v,0.000163121,8.6926
0,183,105,u,0.000501463,6.95076
0,183,105,v,-1.04678e-05,5.91706
0,183,121,u,-0.00111965,6.29134
0,183,121,v,0.000114314,7.03345
0,184,5,u,-0.00124707,6.31502
0,184,5,v,0.0003668,7.86809
0,184,21,u,-0.000414658,7.60098
0,184,21,v,-0.000742349,7.20475
0,184,25,u,-0.000648115,8.28271
0,184,25,v,-0.000655842,8.04237
0,184,104,u,-0.00119267,8.8211
0,184,104,v,0.00093754,6.59799
0,184,120,u,-0.000328022,8.26775
0,184,120,v,-3.99101e-05,7.8431
0,184,124,u,-0.000384722,9.03777
0,184,124,v,-0.00125686,8.79433
0,185,5,u,-0.00124707,4.98402
0,185,5,v,6.12443e-05,6.44814
0,185,21,u,-0.000414658,6.01698
0,185,21,v,0.000785429,5.88234
0,185,25,u,-0.000342559,6.62297
0,185,25,v,-0.00183509,6.51604
0,185,104,u,0.000292203,5.91563
0,185,104,v,0.000784762,4.33219
0,185,124,u,-0.000384722,6.00177
0,185,124,v,0.00112436,5.8707
0,186,4,u,-0.0011886,6.92816
0,186,4,v,0.00056291,9.17139
0,186,20,u,0.000315343,8.37121
0,186,20,v,0.000428885,8.41467
0,186,24,u,-0.000351395,9.17394
0,186,24,v,3.83942e-05,9.40015
0,186,105,u,0.000501463,8.40166
0,186,105,v,-1.04678e-05,6.84106
0,186,121,u,-5.02049e-05,7.67763
0,186,121,v,-0.000191241,8.1894
0,186,125,u,0.00126933,8.67514
0,186,125,v,-0.000766284,8.86657
0,187,21,u,-0.000414658,10.241
0,187,21,v,0.000785429,9.90834
0,187,25,u,-0.000648115,11.3429
0,187,25,v,-0.00141973,10.9476
0,187,104,u,-0.00016613,10.705
0,187,104,v,0.000173651,7.45368
0,187,120,u,-0.000633578,9.99491
0,187,120,v,-0.000956577,8.98279
0,187,124,u,-0.000384722,10.7538
0,187,124,v,0.000729247,10.307
0,188,3,u,0.00112481,19.5044
0,188,3,v,0.00101346,-0.0459892
0,188,4,u,-0.0011886,0.220364
0,188,4,v,-0.00137227,19.4737
0,188,20,u,0.0033709,3.95073
0,188,20,v,0.000428885,18.9868
0,188,24,u,-0.00187917,7.38732
0,188,24,v,0.00092701,18.169
0,188,103,u,-0.000435744,3.64187
0,188,103,v,-0.00095755,11.3427
0,189,5,u,-0.00124707,9.20802
0,189,5,v,0.0003668,12.2241
0,189,21,u,-0.000414658,11.165
0,189,21,v,0.000785429,11.2283
0,189,25,u,-0.000648115,12.2691
0,189,25,v,-0.000655842,12.4644
0,189,104,u,-0.00016613,11.3386
0,189,104,v,0.000173651,8.97168
0,189,120,u,-2.24667e-05,10.5666
0,189,120,v,0.00148787,10.5515
0,190,4,u,0.000428446,3.65748
0,190,4,v,-0.00136136,4.43335
0,190,24,u,0.000648123,4.71641
0,190,24,v,0.000877565,4.51887
0,191,5,u,-0.00201096,4.43282
0,191,5,v,6.12443e-05,6.39424
0,191,21,u,0.00204116,5.46989
0,191,21,v,2.15403e-05,5.88464
0,191,25,u,-0.000342559,6.14007
0,191,25,v,-4.47307e-05,6.43827
0,191,104,u,0.000903314,5.96043
0,191,104,v,0.000517347,4.64833
0,191,120,u,-0.000610666,5.52798
0,191,120,v,0.00184762,5.48973
0,192,4,u,0.000186401,6.64698
0,192,4,v,0.00056291,7.85505
0,192,20,u,-0.000295768,7.8748
0,192,20,v,-0.00109889,7.09818
0,192,24,u,-0.000351395,8.57994
0,192,24,v,0.000163121,8.0073
0,192,105,u,-0.00102631,9.39627
0,192,105,v,-1.04678e-05,6.64306
0,192,121,u,0.00112109,8.64385
0,192,121,v,0.000114314,8.15545
0,192,125,u,0.000505439,9.57505
0,192,125,v,-2.39535e-06,9.00088
0,193,25,u,0.00126953,4.956
0,193,25,v,-2.03754e-05,4.6987
0,193,124,u,-7.91662e-05,4.95552
0,193,124,v,0.000270913,4.66515
0,194,4,u,0.000432856,5.14001
0,194,4,v,0.00056291,7.45539
0,194,20,u,-0.000295768,6.3568
0,194,20,v,0.00104,6.87546
0,194,24,u,-0.000351395,7.11474
0,194,24,v,-0.000600767,7.4816
0,194,105,u,-0.00102631,7.48227
0,194,105,v,-0.000468801,5.93801
0,194,121,u,0.000204425,6.78696
0,194,121,v,0.000114314,7.16545
0,194,125,u,0.000505439,7.52905
0,194,125,v,0.00030316,7.91423
0,195,5,u,-0.00124707,6.13022
0,195,5,v,0.00113069,9.38488
0,195,21,u,-0.000414658,7.66698
0,195,21,v,-0.0010479,8.7152
0,195,25,u,-0.000648115,8.54671
0,195,25,v,-0.000655842,9.57357
0,195,120,u,-2.24667e-05,7.7946
0,195,120,v,-0.000803799,8.76479
0,195,124,u,-0.000912746,8.64367
0,195,124,v,-0.00125686,9.66553
0,196,5,u,-0.00124707,5.90802
0,196,5,v,6.12443e-05,8.08494
0,196,21,u,-0.000414658,7.20498
0,196,21,v,0.000785429,7.46634
0,196,25,u,0.000115774,7.91322
0,196,25,v,-0.000350286,8.29522
0,196,104,u,0.00136165,8.01527
0,196,104,v,-0.000284683,6.61773
0,196,120,u,0.00150531,7.46219
0,196,120,v,-3.99101e-05,7.7111
0,196,124,u,-0.000384722,8.24577
0,196,124,v,0.000270913,8.55915
0,197,5,u,0.000280704,5.97644
0,197,5,v,6.12443e-05,7.66034
0,197,21,u,0.000705712,7.26714
0,197,21,v,2.15403e-05,7.00664
0,197,25,u,-0.000342559,8.00897
0,197,25,v,-0.000655842,7.71237
0,197,104,u,-0.00016613,7.00899
0,197,104,v,-0.00104857,4.88622
0,197,120,u,-2.24667e-05,6.5406
0,197,120,v,0.000571201,5.8832
0,197,124,u,-7.91662e-05,6.99932
0,197,124,v,-0.000492976,6.75064
0,199,5,u,-0.000483185,7.09723
0,199,5,v,-0.000244311,9.54039
0,199,21,u,-0.000414658,8.65698
0,199,21,v,-0.00135346,8.75826
0,199,25,u,-0.000648115,9.56311
0,199,25,v,-0.000655842,9.69237
0,199,104,u,0.000292203,9.28163
0,199,104,v,-0.000743016,7.22057
0,199,120,u,-0.00176281,8.65029
0,199,120,v,-0.000192688,8.52199
0,199,124,u,0.00144861,9.43891
0,199,124,v,0.000270913,9.59095
0,200,4,u,0.000339179,7.81498
0,200,4,v,0.00056291,10.3594
0,200,20,u,-0.000295768,9.4588
0,200,20,v,0.000428885,9.49597
0,200,24,u,-0.000351395,10.4807
0,200,24,v,-0.000600767,10.4758
0,200,105,u,0.000501463,10.3839
0,200,105,v,0.000295088,7.86642
0,200,125,u,0.00126933,10.5231
0,200,125,v,-2.39535e-06,10.5178
